,Sr No,Product Name,Link
0,1,SAMSUNG Galaxy F13,https://tinyurl.com/2e8oajmd
1,2,SAMSUNG Galaxy S21 FE 5G ,https://tinyurl.com/2pjzgfb6
2,3,SAMSUNG Galaxy F23 5G,https://tinyurl.com/2ejxsxgy
3,4,Samsung A13,https://tinyurl.com/2k4gp4nz
4,3,SAMSUNG Galaxy F23 5G,https://tinyurl.com/2mphjrww
5,1,SAMSUNG Galaxy F13,https://tinyurl.com/2gck98ve
6,2,SAMSUNG Galaxy S21 FE 5G ,https://tinyurl.com/2g5oulom
7,3,SAMSUNG Galaxy F23 5G,https://tinyurl.com/2o5rfo4b
8,4,Samsung A13,https://tinyurl.com/2j8e8hzq
9,1,SAMSUNG Galaxy F13,https://tinyurl.com/2kvjgwea
10,4,Samsung A13,https://tinyurl.com/2j8e8hzq
11,3,SAMSUNG Galaxy F23 5G,https://tinyurl.com/2owdjfqd
12,1,SAMSUNG Galaxy F13,https://tinyurl.com/2zzeklpq
13,3,SAMSUNG Galaxy F23 5G,https://tinyurl.com/2pln7nnk
14,4,Samsung A13,https://tinyurl.com/2okdflmr
15,4,Samsung A13,https://tinyurl.com/2eouc7xn
